code,level,parent_code,name
714,1,,Khoa học giáo dục và đào tạo giáo viên
71401,2,714,Khoa học giáo dục
7140101,3,71401,Giáo dục học
7140103,3,71401,Công nghệ giáo dục
7140114,3,71401,Quản lý giáo dục
71402,2,714,Đào tạo giáo viên
7140201,3,71402,Giáo dục Mầm non
7140202,3,71402,Giáo dục Tiểu học
7140203,3,71402,Giáo dục Đặc biệt
7140204,3,71402,Giáo dục Công dân
7140205,3,71402,Giáo dục Chính trị
7140206,3,71402,Giáo dục Thể chất
7140207,3,71402,Huấn luyện thể thao
7140208,3,71402,Giáo dục Quốc phòng - An ninh
7140209,3,71402,Sư phạm Toán học
7140210,3,71402,Sư phạm Tin học
7140211,3,71402,Sư phạm Vật lý
7140212,3,71402,Sư phạm Hóa học
7140213,3,71402,Sư phạm Sinh học
7140214,3,71402,Sư phạm Kỹ thuật công nghiệp
7140215,3,71402,Sư phạm Kỹ thuật nông nghiệp
7140217,3,71402,Sư phạm Ngữ văn
7140218,3,71402,Sư phạm Lịch sử
7140219,3,71402,Sư phạm Địa lý
7140221,3,71402,Sư phạm Âm nhạc
7140222,3,71402,Sư phạm Mỹ thuật
7140223,3,71402,Sư phạm Tiếng Bana
7140224,3,71402,Sư phạm Tiếng Êđê
7140225,3,71402,Sư phạm Tiếng Jrai
7140226,3,71402,Sư phạm Tiếng Khmer
7140227,3,71402,Sư phạm Tiếng H'mong
7140228,3,71402,Sư phạm Tiếng Chăm
7140229,3,71402,Sư phạm Tiếng M'nông
7140230,3,71402,Sư phạm Tiếng Xêđăng
7140231,3,71402,Sư phạm Tiếng Anh
7140232,3,71402,Sư phạm Tiếng Nga
7140233,3,71402,Sư phạm Tiếng Pháp
7140234,3,71402,Sư phạm Tiếng Trung Quốc
7140235,3,71402,Sư phạm Tiếng Đức
7140236,3,71402,Sư phạm Tiếng Nhật
7140237,3,71402,Sư phạm Tiếng Hàn Quốc
7140245,3,71402,Sư phạm nghệ thuật
7140246,3,71402,Sư phạm công nghệ
7140247,3,71402,Sư phạm Khoa học tự nhiên
7140248,3,71402,Giáo dục pháp luật
7140249,3,71402,Sư phạm Lịch sử - Địa lý
721,1,,Nghệ thuật
72101,2,721,Mỹ thuật
7210101,3,72101,"Lý luận, lịch sử và phê bình mỹ thuật"
7210103,3,72101,Hội họa
7210104,3,72101,Đồ họa
7210105,3,72101,Điêu khắc
7210107,3,72101,Gốm
7210110,3,72101,Mỹ thuật đô thị
72102,2,721,Nghệ thuật trình diễn
7210201,3,72102,Âm nhạc học
7210203,3,72102,Sáng tác âm nhạc
7210204,3,72102,Chỉ huy âm nhạc
7210205,3,72102,Thanh nhạc
7210207,3,72102,Biểu diễn nhạc cụ phương tây
7210208,3,72102,Piano
7210209,3,72102,Nhạc Jazz
7210210,3,72102,Biểu diễn nhạc cụ truyền thống
7210221,3,72102,"Lý luận, lịch sử và phê bình sân khấu"
7210225,3,72102,Biên kịch sân khấu
7210226,3,72102,Diễn viên sân khấu kịch hát
7210227,3,72102,Đạo diễn sân khấu
7210231,3,72102,"Lý luận, lịch sử và phê bình điện ảnh, truyền hình"
7210233,3,72102,"Biên kịch điện ảnh, truyền hình"
7210234,3,72102,"Diễn viên kịch, điện ảnh - truyền hình"
7210235,3,72102,"Đạo diễn điện ảnh, truyền hình"
7210236,3,72102,Quay phim
7210241,3,72102,"Lý luận, lịch sử và phê bình múa"
7210242,3,72102,Diễn viên múa
7210243,3,72102,Biên đạo múa
7210244,3,72102,Huấn luyện múa
72103,2,721,Nghệ thuật nghe nhìn
7210301,3,72103,Nhiếp ảnh
7210302,3,72103,"Công nghệ điện ảnh, truyền hình"
7210303,3,72103,"Thiết kế âm thanh, ánh sáng"
72104,2,721,Mỹ thuật ứng dụng
7210402,3,72104,Thiết kế công nghiệp
7210403,3,72104,Thiết kế đồ họa
7210404,3,72104,Thiết kế thời trang
7210406,3,72104,"Thiết kế mỹ thuật sân khấu, điện ảnh"
722,1,,Nhân văn
72201,2,722,"Ngôn ngữ, văn học và văn hóa Việt Nam"
7220101,3,72201,Tiếng Việt và văn hóa Việt Nam
7220104,3,72201,Hán Nôm
7220105,3,72201,Ngôn ngữ Jrai
7220106,3,72201,Ngôn ngữ Khmer
7220107,3,72201,Ngôn ngữ H'mong
7220108,3,72201,Ngôn ngữ Chăm
7220110,3,72201,Sáng tác văn học
7220112,3,72201,Văn hóa các dân tộc thiểu số Việt Nam
72202,2,722,"Ngôn ngữ, văn học và văn hóa nước ngoài"
7220201,3,72202,Ngôn ngữ Anh
7220202,3,72202,Ngôn ngữ Nga
7220203,3,72202,Ngôn ngữ Pháp
7220204,3,72202,Ngôn ngữ Trung Quốc
7220205,3,72202,Ngôn ngữ Đức
7220206,3,72202,Ngôn ngữ Tây Ban Nha
7220207,3,72202,Ngôn ngữ Bồ Đào Nha
7220208,3,72202,Ngôn ngữ Italia
7220209,3,72202,Ngôn ngữ Nhật
7220210,3,72202,Ngôn ngữ Hàn Quốc
7220211,3,72202,Ngôn ngữ Ảrập
72290,2,722,Khác
7229001,3,72290,Triết học
7229008,3,72290,Chủ nghĩa xã hội khoa học
7229009,3,72290,Tôn giáo học
7229010,3,72290,Lịch sử
7229020,3,72290,Ngôn ngữ học
7229030,3,72290,Văn học
7229040,3,72290,Văn hóa học
7229042,3,72290,Quản lý văn hóa
7229045,3,72290,Gia đình học
731,1,,Khoa học xã hội và hành vi
73101,2,731,Kinh tế học
7310101,3,73101,Kinh tế
7310102,3,73101,Kinh tế chính trị
7310104,3,73101,Kinh tế đầu tư
7310105,3,73101,Kinh tế phát triển
7310106,3,73101,Kinh tế quốc tế
7310107,3,73101,Thống kê kinh tế
7310108,3,73101,Toán kinh tế
7310109,3,73101,Kinh tế số
73102,2,731,Khoa học chính trị
7310201,3,73102,Chính trị học
7310202,3,73102,Xây dựng Đảng và chính quyền nhà nước
7310205,3,73102,Quản lý nhà nước
7310206,3,73102,Quan hệ quốc tế
73103,2,731,Xã hội học và Nhân học
7310301,3,73103,Xã hội học
7310302,3,73103,Nhân học
73104,2,731,Tâm lý học
7310401,3,73104,Tâm lý học
7310403,3,73104,Tâm lý học giáo dục
73105,2,731,Địa lý học
7310501,3,73105,Địa lý học
73106,2,731,Khu vực học
7310601,3,73106,Quốc tế học
7310602,3,73106,Châu Á học
7310607,3,73106,Thái Bình Dương học
7310608,3,73106,Đông phương học
7310612,3,73106,Trung Quốc học
7310613,3,73106,Nhật Bản học
7310614,3,73106,Hàn Quốc học
7310620,3,73106,Đông Nam Á học
7310630,3,73106,Việt Nam học
732,1,,Báo chí và thông tin
73201,2,732,Báo chí và truyền thông
7320101,3,73201,Báo chí
7320104,3,73201,Truyền thông đa phương tiện
7320105,3,73201,Truyền thông đại chúng
7320106,3,73201,Công nghệ truyền thông
7320107,3,73201,Truyền thông quốc tế
7320108,3,73201,Quan hệ công chúng
73202,2,732,Thông tin - Thư viện
7320201,3,73202,Thông tin - Thư viện
7320205,3,73202,Quản lý thông tin
73203,2,732,Văn thư - Lưu trữ - Bảo tàng
7320303,3,73203,Lưu trữ học
7320305,3,73203,Bảo tàng học
73204,2,732,Xuất bản - Phát hành
7320401,3,73204,Xuất bản
7320402,3,73204,Kinh doanh xuất bản phẩm
734,1,,Kinh doanh và quản lý
73401,2,734,Kinh doanh
7340101,3,73401,Quản trị kinh doanh
7340115,3,73401,Marketing
7340116,3,73401,Bất động sản
7340120,3,73401,Kinh doanh quốc tế
7340121,3,73401,Kinh doanh thương mại
7340122,3,73401,Thương mại điện tử
7340123,3,73401,Kinh doanh thời trang và dệt may
73402,2,734,Tài chính - Ngân hàng - Bảo hiểm
7340201,3,73402,Tài chính - Ngân hàng
7340204,3,73402,Bảo hiểm
7340205,3,73402,Công nghệ tài chính
73403,2,734,Kế toán - Kiểm toán
7340301,3,73403,Kế toán
7340302,3,73403,Kiểm toán
73404,2,734,Quản trị - Quản lý
7340401,3,73404,Khoa học quản lý
7340403,3,73404,Quản lý công
7340404,3,73404,Quản trị nhân lực
7340405,3,73404,Hệ thống thông tin quản lý
7340406,3,73404,Quản trị văn phòng
7340408,3,73404,Quan hệ lao động
7340409,3,73404,Quản lý dự án
738,1,,Pháp luật
73801,2,738,Luật
7380101,3,73801,Luật
7380102,3,73801,Luật hiến pháp và luật hành chính
7380103,3,73801,Luật dân sự và tố tụng dân sự
7380104,3,73801,Luật hình sự và tố tụng hình sự
7380107,3,73801,Luật kinh tế
7380108,3,73801,Luật quốc tế
742,1,,Khoa học sự sống
74201,2,742,Sinh học
7420101,3,74201,Sinh học
74202,2,742,Sinh học ứng dụng
7420201,3,74202,Công nghệ sinh học
7420202,3,74202,Kỹ thuật sinh học
7420203,3,74202,Sinh học ứng dụng
744,1,,Khoa học tự nhiên
74401,2,744,Khoa học vật chất
7440101,3,74401,Thiên văn học
7440102,3,74401,Vật lý học
7440106,3,74401,Vật lý nguyên tử và hạt nhân
7440110,3,74401,Cơ học
7440112,3,74401,Hóa học
7440122,3,74401,Khoa học vật liệu
74402,2,744,Khoa học trái đất
7440201,3,74402,Địa chất học
7440212,3,74402,Bản đồ học
7440217,3,74402,Địa lý tự nhiên
7440222,3,74402,Khí tượng và khí hậu học
7440224,3,74402,Thủy văn học
7440228,3,74402,Hải dương học
74403,2,744,Khoa học môi trường
7440301,3,74403,Khoa học môi trường
746,1,,Toán và thống kê
74601,2,746,Toán học
7460101,3,74601,Toán học
7460107,3,74601,Khoa học tính toán
7460108,3,74601,Khoa học dữ liệu
7460112,3,74601,Toán ứng dụng
7460115,3,74601,Toán cơ
7460117,3,74601,Toán tin
74602,2,746,Thống kê
7460201,3,74602,Thống kê
748,1,,Máy tính và công nghệ thông tin
74801,2,748,Máy tính
7480101,3,74801,Khoa học máy tính
7480102,3,74801,Mạng máy tính và truyền thông dữ liệu
7480103,3,74801,Kỹ thuật phần mềm
7480104,3,74801,Hệ thống thông tin
7480106,3,74801,Kỹ thuật máy tính
7480107,3,74801,Trí tuệ nhân tạo
7480108,3,74801,Công nghệ kỹ thuật máy tính
74802,2,748,Công nghệ thông tin
7480201,3,74802,Công nghệ thông tin
7480202,3,74802,An toàn thông tin
751,1,,Công nghệ kỹ thuật
75101,2,751,Công nghệ kỹ thuật kiến trúc và công trình xây dựng
7510101,3,75101,Công nghệ kỹ thuật kiến trúc
7510102,3,75101,Công nghệ kỹ thuật công trình xây dựng
7510103,3,75101,Công nghệ kỹ thuật xây dựng
7510104,3,75101,Công nghệ kỹ thuật giao thông
7510105,3,75101,Công nghệ kỹ thuật vật liệu xây dựng
75102,2,751,Công nghệ kỹ thuật cơ khí
7510201,3,75102,Công nghệ kỹ thuật cơ khí
7510202,3,75102,Công nghệ chế tạo máy
7510203,3,75102,Công nghệ kỹ thuật cơ điện tử
7510205,3,75102,Công nghệ kỹ thuật ô tô
7510206,3,75102,Công nghệ kỹ thuật nhiệt
7510207,3,75102,Công nghệ kỹ thuật tàu thủy
7510211,3,75102,Bảo dưỡng công nghiệp
75103,2,751,"Công nghệ kỹ thuật điện, điện tử và viễn thông"
7510301,3,75103,"Công nghệ kỹ thuật điện, điện tử"
7510302,3,75103,Công nghệ kỹ thuật điện tử - viễn thông
7510303,3,75103,Công nghệ kỹ thuật điều khiển và tự động hóa
75104,2,751,"Công nghệ hóa học, vật liệu, luyện kim và môi trường"
7510401,3,75104,Công nghệ kỹ thuật hóa học
7510402,3,75104,Công nghệ vật liệu
7510406,3,75104,Công nghệ kỹ thuật môi trường
7510407,3,75104,Công nghệ kỹ thuật hạt nhân
75106,2,751,Quản lý công nghiệp
7510601,3,75106,Quản lý công nghiệp
7510604,3,75106,Kinh tế công nghiệp
7510605,3,75106,Logistics và Quản lý chuỗi cung ứng
75107,2,751,Công nghệ dầu khí và khai thác
7510701,3,75107,Công nghệ dầu khí và khai thác dầu
75108,2,751,Công nghệ kỹ thuật in
7510801,3,75108,Công nghệ kỹ thuật in
752,1,,Kỹ thuật
75201,2,752,Kỹ thuật cơ khí và cơ kỹ thuật
7520101,3,75201,Cơ kỹ thuật
7520103,3,75201,Kỹ thuật cơ khí
7520114,3,75201,Kỹ thuật cơ điện tử
7520115,3,75201,Kỹ thuật nhiệt
7520116,3,75201,Kỹ thuật cơ khí động lực
7520117,3,75201,Kỹ thuật công nghiệp
7520118,3,75201,Kỹ thuật hệ thống công nghiệp
7520120,3,75201,Kỹ thuật hàng không
7520121,3,75201,Kỹ thuật không gian
7520122,3,75201,Kỹ thuật tàu thủy
7520130,3,75201,Kỹ thuật ô tô
7520137,3,75201,Kỹ thuật in
7520138,3,75201,Kỹ thuật hàng hải
75202,2,752,"Kỹ thuật điện, điện tử và viễn thông"
7520201,3,75202,Kỹ thuật điện
7520204,3,75202,Kỹ thuật rađa - dẫn đường
7520205,3,75202,Kỹ thuật thủy âm
7520206,3,75202,Kỹ thuật biển
7520207,3,75202,Kỹ thuật điện tử - viễn thông
7520212,3,75202,Kỹ thuật y sinh
7520216,3,75202,Kỹ thuật điều khiển và tự động hóa
75203,2,752,"Kỹ thuật hóa học, vật liệu, luyện kim và môi trường"
7520301,3,75203,Kỹ thuật hóa học
7520309,3,75203,Kỹ thuật vật liệu
7520310,3,75203,Kỹ thuật vật liệu kim loại
7520312,3,75203,Kỹ thuật dệt
7520320,3,75203,Kỹ thuật môi trường
75204,2,752,Vật lý kỹ thuật
7520401,3,75204,Vật lý kỹ thuật
7520402,3,75204,Kỹ thuật hạt nhân
75205,2,752,"Kỹ thuật địa chất, địa vật lý và trắc địa"
7520501,3,75205,Kỹ thuật địa chất
7520502,3,75205,Kỹ thuật địa vật lý
7520503,3,75205,Kỹ thuật trắc địa - bản đồ
75206,2,752,Kỹ thuật mỏ
7520601,3,75206,Kỹ thuật mỏ
7520602,3,75206,Kỹ thuật thăm dò và khảo sát
7520604,3,75206,Kỹ thuật dầu khí
7520607,3,75206,Kỹ thuật tuyển khoáng
754,1,,Sản xuất và chế biến
75401,2,754,"Chế biến lương thực, thực phẩm và đồ uống"
7540101,3,75401,Công nghệ thực phẩm
7540102,3,75401,Kỹ thuật thực phẩm
7540104,3,75401,Công nghệ sau thu hoạch
7540105,3,75401,Công nghệ chế biến thủy sản
7540106,3,75401,Đảm bảo chất lượng và an toàn thực phẩm
75402,2,754,"Sản xuất, chế biến sợi, vải, giày, da"
7540202,3,75402,"Công nghệ sợi, dệt"
7540203,3,75402,"Công nghệ vật liệu dệt, may"
7540204,3,75402,"Công nghệ dệt, may"
7540206,3,75402,Công nghệ da giày
75490,2,754,Khác
7549001,3,75490,Công nghệ chế biến lâm sản
758,1,,Kiến trúc và xây dựng
75801,2,758,Kiến trúc và quy hoạch
7580101,3,75801,Kiến trúc
7580102,3,75801,Kiến trúc cảnh quan
7580103,3,75801,Kiến trúc nội thất
7580104,3,75801,Kiến trúc đô thị
7580105,3,75801,Quy hoạch vùng và đô thị
7580106,3,75801,Quản lý đô thị và công trình
7580108,3,75801,Thiết kế nội thất
7580111,3,75801,Bảo tồn di sản kiến trúc - Đô thị
7580112,3,75801,Đô thị học
75802,2,758,Xây dựng
7580201,3,75802,Kỹ thuật xây dựng
7580202,3,75802,Kỹ thuật xây dựng công trình thủy
7580203,3,75802,Kỹ thuật xây dựng công trình biển
7580205,3,75802,Kỹ thuật xây dựng công trình giao thông
7580210,3,75802,Kỹ thuật cơ sở hạ tầng
7580211,3,75802,Địa kỹ thuật xây dựng
7580212,3,75802,Kỹ thuật tài nguyên nước
7580213,3,75802,Kỹ thuật cấp thoát nước
75803,2,758,Quản lý xây dựng
7580301,3,75803,Kinh tế xây dựng
7580302,3,75803,Quản lý xây dựng
762,1,,"Nông, lâm nghiệp và thủy sản"
76201,2,762,Nông nghiệp
7620101,3,76201,Nông nghiệp
7620102,3,76201,Khuyến nông
7620103,3,76201,Khoa học đất
7620105,3,76201,Chăn nuôi
7620109,3,76201,Nông học
7620110,3,76201,Khoa học cây trồng
7620112,3,76201,Bảo vệ thực vật
7620113,3,76201,Công nghệ rau hoa quả và cảnh quan
7620114,3,76201,Kinh doanh nông nghiệp
7620115,3,76201,Kinh tế nông nghiệp
7620116,3,76201,Phát triển nông thôn
76202,2,762,Lâm nghiệp
7620201,3,76202,Lâm học
7620202,3,76202,Lâm nghiệp đô thị
7620205,3,76202,Lâm sinh
7620211,3,76202,Quản lý tài nguyên rừng
76203,2,762,Thủy sản
7620301,3,76203,Nuôi trồng thủy sản
7620302,3,76203,Bệnh học thủy sản
7620303,3,76203,Khoa học thủy sản
7620304,3,76203,Khai thác thủy sản
7620305,3,76203,Quản lý thủy sản
764,1,,Thú y
76401,2,764,Thú y
7640101,3,76401,Thú y
772,1,,Sức khỏe
77201,2,772,Y học
7720101,3,77201,Y khoa
7720110,3,77201,Y học dự phòng
7720115,3,77201,Y học cổ truyền
77202,2,772,Dược học
7720201,3,77202,Dược học
7720203,3,77202,Hóa dược
77203,2,772,Điều dưỡng - hộ sinh
7720301,3,77203,Điều dưỡng
7720302,3,77203,Hộ sinh
77204,2,772,Dinh dưỡng
7720401,3,77204,Dinh dưỡng
77205,2,772,Răng - Hàm - Mặt (Nha khoa)
7720501,3,77205,Răng - Hàm - Mặt
7720502,3,77205,Kỹ thuật phục hình răng
77206,2,772,Kỹ thuật Y học
7720601,3,77206,Kỹ thuật xét nghiệm y học
7720602,3,77206,Kỹ thuật hình ảnh y học
7720603,3,77206,Kỹ thuật Phục hồi chức năng
77207,2,772,Y tế công cộng
7720701,3,77207,Y tế công cộng
77208,2,772,Quản lý Y tế
7720801,3,77208,Tổ chức và Quản lý y tế
7720802,3,77208,Quản lý bệnh viện
77290,2,772,Khác
7729001,3,77290,Y sinh học thể dục thể thao
776,1,,Dịch vụ xã hội
77601,2,776,Công tác xã hội
7760101,3,77601,Công tác xã hội
7760102,3,77601,Công tác thanh thiếu niên
7760103,3,77601,Hỗ trợ giáo dục người khuyết tật
781,1,,"Du lịch, khách sạn, thể thao và dịch vụ cá nhân"
78101,2,781,Du lịch
7810101,3,78101,Du lịch
7810103,3,78101,Quản trị dịch vụ du lịch và lữ hành
78102,2,781,"Khách sạn, nhà hàng"
7810201,3,78102,Quản trị khách sạn
7810202,3,78102,Quản trị nhà hàng và dịch vụ ăn uống
78103,2,781,"Thể dục, thể thao"
7810301,3,78103,Quản lý thể dục thể thao
7810302,3,78103,Huấn luyện thể thao
78105,2,781,Kinh tế gia đình
7810501,3,78105,Kinh tế gia đình
784,1,,Dịch vụ vận tải
78401,2,784,Khai thác vận tải
7840101,3,78401,Khai thác vận tải
7840102,3,78401,Quản lý hoạt động bay
7840104,3,78401,Kinh tế vận tải
7840106,3,78401,Khoa học hàng hải
785,1,,Môi trường và bảo vệ môi trường
78501,2,785,Quản lý tài nguyên và môi trường
7850101,3,78501,Quản lý tài nguyên và môi trường
7850102,3,78501,Kinh tế tài nguyên thiên nhiên
7850103,3,78501,Quản lý đất đai
78502,2,785,Dịch vụ an toàn lao động và vệ sinh công nghiệp
7850201,3,78502,Bảo hộ lao động
786,1,,"An ninh, Quốc phòng"
78601,2,786,An ninh và trật tự xã hội
7860101,3,78601,Trinh sát an ninh
7860102,3,78601,Trinh sát cảnh sát
7860103,3,78601,Trinh sát kỹ thuật
7860104,3,78601,Điều tra hình sự
7860107,3,78601,Kỹ thuật Công an nhân dân
7860108,3,78601,Kỹ thuật hình sự
7860109,3,78601,Quản lý nhà nước về an ninh trật tự
7860110,3,78601,Quản lý trật tự an toàn giao thông
7860111,3,78601,Thi hành án hình sự và hỗ trợ tư pháp
7860112,3,78601,"Tham mưu, chỉ huy công an nhân dân"
7860113,3,78601,Phòng cháy chữa cháy và cứu nạn cứu hộ
7860116,3,78601,Hậu cần công an nhân dân
7860117,3,78601,Tình báo an ninh
78602,2,786,Quân sự
7860201,3,78602,Chỉ huy tham mưu Lục quân
7860202,3,78602,Chỉ huy tham mưu Hải quân
7860203,3,78602,Chỉ huy tham mưu Không quân
7860204,3,78602,Chỉ huy tham mưu Phòng không
7860205,3,78602,Chỉ huy tham mưu Pháo binh
7860206,3,78602,Chỉ huy tham mưu Tăng - thiết giáp
7860207,3,78602,Chỉ huy tham mưu Đặc công
7860214,3,78602,Biên phòng
7860217,3,78602,Tình báo quân sự
7860218,3,78602,Hậu cần quân sự
7860219,3,78602,"Chỉ huy, tham mưu thông tin"
7860220,3,78602,"Chỉ huy, quản lý kỹ thuật"
7860222,3,78602,Quân sự cơ sở
7860226,3,78602,Chỉ huy kỹ thuật Phòng không
7860227,3,78602,Chỉ huy kỹ thuật Tăng - thiết giáp
7860228,3,78602,Chỉ huy kỹ thuật công binh
7860229,3,78602,Chỉ huy kỹ thuật hóa học
7860231,3,78602,Trinh sát kỹ thuật
7860232,3,78602,Chỉ huy kỹ thuật hải quân
7860233,3,78602,Chỉ huy kỹ thuật tác chiến điện tử
