major_slug,taxonomy_code,note
ke-toan,7340301,
thiet-ke-do-hoa,7210403,
duoc-hoc,7720201,
du-lich,7810101,
bao-ho-lao-dong,7850201,
xa-hoi-hoc,7310301,
ngon-ngu-anh,7220201,
ngon-ngu-trung-quoc,7220204,
kinh-doanh-quoc-te,7340120,
ky-thuat-dieu-khien-tu-dong-hoa,7520216,
quan-ly-cong-va-chinh-sach,,Không thấy trong danh mục TT 09/2022 (tên riêng của trường hoặc ngành thí điểm/mới); cần đối chiếu danh mục cập nhật của Bộ
ky-thuat-phan-mem,7480103,
quan-tri-khach-san-quoc-te,,"Tên riêng của chương trình, gần 7810201 Quản trị khách sạn nhưng chưa xác nhận là cùng ngành"
cong-nghe-thong-tin,7480201,
triet-hoc,7229001,
bao-chi,7320101,
an-ninh-mang,,Không có trong danh mục TT 09/2022 (gần 7480202 An toàn thông tin); cần đối chiếu danh mục cập nhật của Bộ
an-toan-thong-tin,7480202,
bat-dong-san,7340116,
cong-nghe-dien-anh-truyen-hinh,7210302,
cong-nghe-ky-thuat-o-to,7510205,
cong-nghe-o-to-dien,,Không thấy trong danh mục TT 09/2022 (tên riêng của trường hoặc ngành thí điểm/mới); cần đối chiếu danh mục cập nhật của Bộ
cong-nghe-o-to-thong-minh,,Không thấy trong danh mục TT 09/2022 (tên riêng của trường hoặc ngành thí điểm/mới); cần đối chiếu danh mục cập nhật của Bộ
cong-nghe-sinh-hoc,7420201,
cong-nghe-tai-chinh,7340205,
cong-nghe-tham-my,,Không thấy trong danh mục TT 09/2022 (tên riêng của trường hoặc ngành thí điểm/mới); cần đối chiếu danh mục cập nhật của Bộ
cong-nghe-thuc-pham,7540101,
dieu-duong,7720301,
digital-art,,Không thấy trong danh mục TT 09/2022 (tên riêng của trường hoặc ngành thí điểm/mới); cần đối chiếu danh mục cập nhật của Bộ
digital-marketing,,"Tên riêng của trường, gần 7340115 Marketing nhưng chưa xác nhận là cùng ngành"
he-thong-thong-tin-quan-ly,7340405,
khoa-hoc-du-lieu,7460108,
khoa-hoc-may-tinh,7480101,
kien-truc,7580101,
kinh-doanh-thuong-mai,7340121,
kinh-te-so,7310109,
ky-thuat-co-dien-tu,7520114,
ky-thuat-co-khi,7520103,
ky-thuat-dien,7520201,
ky-thuat-dien-tu-vien-thong,7520207,
ky-thuat-may-tinh,7480106,
ky-thuat-xay-dung,7580201,
ky-thuat-xet-nghiem-y-hoc,7720601,
logistics-va-quan-ly-chuoi-cung-ung,7510605,
luat,7380101,
luat-kinh-te,7380107,
marketing,7340115,
marketing-va-truyen-thong-sang-tao,,Không thấy trong danh mục TT 09/2022 (tên riêng của trường hoặc ngành thí điểm/mới); cần đối chiếu danh mục cập nhật của Bộ
ngon-ngu-a-rap,7220211,Danh mục ghi 'Ngôn ngữ Ảrập' (khác cách viết)
ngon-ngu-duc,7220205,
ngon-ngu-han,7220210,Danh mục ghi 'Ngôn ngữ Hàn Quốc'
ngon-ngu-nga,7220202,
ngon-ngu-nhat,7220209,
ngon-ngu-phap,7220203,
quan-he-cong-chung,7320108,
quan-ly-the-duc-the-thao,7810301,
quan-ly-xay-dung,7580302,
quan-tri-dich-vu-du-lich-va-lu-hanh,7810103,
quan-tri-khach-san,7810201,
quan-tri-kinh-doanh,7340101,
quan-tri-nha-hang-va-dich-vu-an-uong,7810202,
quan-tri-nhan-luc,7340404,
quan-tri-su-kien,,Không thấy trong danh mục TT 09/2022 (tên riêng của trường hoặc ngành thí điểm/mới); cần đối chiếu danh mục cập nhật của Bộ
quan-tri-va-phap-che-doanh-nghiep,,Không thấy trong danh mục TT 09/2022 (tên riêng của trường hoặc ngành thí điểm/mới); cần đối chiếu danh mục cập nhật của Bộ
robot-tri-tue-nhan-tao,,Tên riêng của trường (gần 7480107 Trí tuệ nhân tạo); chưa xác nhận
tai-chinh-ngan-hang,7340201,
tam-ly-hoc,7310401,
thanh-nhac,7210205,
thiet-ke-noi-that,7580108,
thiet-ke-thoi-trang,7210404,
thu-y,7640101,
thu-y-cong-nghe-so,,Không thấy trong danh mục TT 09/2022 (tên riêng của trường hoặc ngành thí điểm/mới); cần đối chiếu danh mục cập nhật của Bộ
thuong-mai-dien-tu,7340122,
tieng-viet-va-van-hoa-viet-nam,7220101,
tri-tue-nhan-tao,7480107,
truyen-thong-da-phuong-tien,7320104,
van-hoa-va-truyen-thong-xuyen-quoc-gia,,Không thấy trong danh mục TT 09/2022 (tên riêng của trường hoặc ngành thí điểm/mới); cần đối chiếu danh mục cập nhật của Bộ
y-khoa,7720101,
kinh-te,7310101,
ky-thuat-he-thong-cong-nghiep,7520118,
hoa-hoc-hoa-sinh,,Không thấy trong danh mục TT 09/2022 (tên riêng của trường hoặc ngành thí điểm/mới); cần đối chiếu danh mục cập nhật của Bộ
ky-thuat-hoa-hoc,7520301,
ky-thuat-y-sinh,7520212,
ky-thuat-khong-gian,7520121,
thong-ke,7460201,
toan-ung-dung,7460112,
sinh-hoc,7420101,
vat-ly-hoc,7440102,
cong-nghe-vat-ly-dien-tu-va-tin-hoc,,Không thấy trong danh mục TT 09/2022 (tên riêng của trường hoặc ngành thí điểm/mới); cần đối chiếu danh mục cập nhật của Bộ
hoa-hoc,7440112,
khoa-hoc-vat-lieu,7440122,
dia-chat-hoc,7440201,
kinh-te-dat-dai,,Không thấy trong danh mục TT 09/2022 (tên riêng của trường hoặc ngành thí điểm/mới); cần đối chiếu danh mục cập nhật của Bộ
hai-duong-hoc,7440228,
khoa-hoc-moi-truong,7440301,
toan-hoc,7460101,
toan-tin,7460117,
nhom-nganh-cong-nghe-thong-tin,,Tên một nhóm ngành (74802) chứ không phải một ngành cụ thể
cong-nghe-vat-lieu,7510402,
cong-nghe-ky-thuat-moi-truong,7510406,
ky-thuat-hat-nhan,7520402,
vat-ly-y-khoa,,Không thấy trong danh mục TT 09/2022 (tên riêng của trường hoặc ngành thí điểm/mới); cần đối chiếu danh mục cập nhật của Bộ
ky-thuat-dia-chat,7520501,
quan-ly-tai-nguyen-va-moi-truong,7850101,
cong-nghe-ban-dan,,Không thấy trong danh mục TT 09/2022 (tên riêng của trường hoặc ngành thí điểm/mới); cần đối chiếu danh mục cập nhật của Bộ
thiet-ke-vi-mach,,Không thấy trong danh mục TT 09/2022 (tên riêng của trường hoặc ngành thí điểm/mới); cần đối chiếu danh mục cập nhật của Bộ
cong-nghe-giao-duc,7140103,
kinh-te-doi-ngoai,,Không thấy trong danh mục TT 09/2022 (tên riêng của trường hoặc ngành thí điểm/mới); cần đối chiếu danh mục cập nhật của Bộ
cong-nghe-truyen-thong,7320106,
y-hoc-du-phong,7720110,
y-hoc-co-truyen,7720115,
hoa-duoc,7720203,
ho-sinh,7720302,
dinh-duong,7720401,
rang-ham-mat,7720501,
ky-thuat-phuc-hinh-rang,7720502,
ky-thuat-hinh-anh-y-hoc,7720602,
ky-thuat-phuc-hoi-chuc-nang,7720603,
y-te-cong-cong,7720701,
cong-tac-xa-hoi,7760101,
cong-nghe-duoc-pham,,Không thấy trong danh mục TT 09/2022 (tên riêng của trường hoặc ngành thí điểm/mới); cần đối chiếu danh mục cập nhật của Bộ
cong-nghe-ky-thuat-cong-trinh-xay-dung,7510102,
kinh-te-xay-dung,7580301,
ky-thuat-xay-dung-cong-trinh-giao-thong,7580205,
ky-thuat-trac-dia-ban-do,7520503,
ky-thuat-xay-dung-cong-trinh-thuy,7580202,
ky-thuat-xay-dung-cong-trinh-bien,7580203,
ky-thuat-co-so-ha-tang,7580210,
cong-nghe-ky-thuat-vat-lieu-xay-dung,7510105,
ky-thuat-nhiet,7520115,
ky-thuat-det,7520312,
cong-nghe-det-may,7540204,
bao-duong-cong-nghiep,7510211,
ky-thuat-vat-lieu,7520309,
vat-ly-ky-thuat,7520401,
co-ky-thuat,7520101,
ky-thuat-tau-thuy,7520122,
ky-thuat-hang-khong,7520120,
quan-ly-cong-nghiep,7510601,
dia-ky-thuat-xay-dung,7580211,
ky-thuat-dau-khi,7520604,
kinh-te-tai-nguyen-thien-nhien,7850102,
ky-thuat-moi-truong,7520320,
