major_slug,alias
cong-nghe-thong-tin,cntt
cong-nghe-thong-tin,it
cong-nghe-thong-tin,information technology
khoa-hoc-may-tinh,khmt
khoa-hoc-may-tinh,cs
khoa-hoc-may-tinh,computer science
ky-thuat-phan-mem,ktpm
ky-thuat-phan-mem,software engineering
ky-thuat-phan-mem,se
tri-tue-nhan-tao,ai
tri-tue-nhan-tao,artificial intelligence
an-toan-thong-tin,attt
an-toan-thong-tin,cyber security
khoa-hoc-du-lieu,khdl
khoa-hoc-du-lieu,data science
quan-tri-kinh-doanh,qtkd
quan-tri-kinh-doanh,business administration
tai-chinh-ngan-hang,tcnh
tai-chinh-ngan-hang,banking and finance
thuong-mai-dien-tu,tmdt
thuong-mai-dien-tu,e-commerce
logistics-va-quan-ly-chuoi-cung-ung,scm
logistics-va-quan-ly-chuoi-cung-ung,supply chain
y-khoa,y da khoa
duoc-hoc,duoc
duoc-hoc,pharmacy
